9;300;12;14;31;19;30;25;25;24;24;26;25;32;25;;;;;;;;
ÆWICZENIE;;;PUG_1;PUG_2;PUG_3;PUG_4;PM_1;PM_2;PUN_1;PUN_2;PS_1;PS_2;PS_3;PS_4;;;;;;;;
Sample;pop;loci1;;loci2;;loci3;;loci4;;loci5;;loci6;;loci7;;loci8;;loci9;;;X;Y
U1;PUG_1;208;208;219;219;257;257;170;170;169;169;189;189;266;266;207;207;262;262;;15.24;51.3
U2;PUG_1;208;208;219;219;257;257;170;170;169;169;189;189;266;266;207;219;262;262;;15.24;51.3
U3;PUG_1;205;208;219;219;257;257;170;170;169;169;189;189;266;266;207;207;262;262;;15.24;51.3
U4;PUG_1;208;208;219;219;257;257;170;170;169;175;189;189;266;266;211;211;262;262;;15.24;51.3
U5;PUG_1;208;208;219;219;257;257;170;170;169;169;189;189;266;266;207;207;262;262;;15.24;51.3
U6;PUG_1;208;208;219;219;257;257;170;170;169;175;189;189;266;266;207;219;262;282;;15.24;51.3
U7;PUG_1;208;208;219;219;257;257;170;170;169;175;189;189;266;266;207;219;262;262;;15.24;51.3
U8;PUG_1;211;211;219;219;257;257;170;170;169;169;189;195;266;266;207;221;262;262;;15.24;51.3
U9;PUG_1;208;211;219;219;257;257;170;170;169;175;189;189;266;266;211;219;262;262;;15.24;51.3
U10;PUG_1;208;211;219;219;257;257;170;170;169;169;189;189;266;266;211;211;262;262;;15.24;51.3
U11;PUG_1;208;211;219;219;257;257;170;170;169;169;189;189;266;266;211;211;262;262;;15.24;51.3
U12;PUG_1;211;211;219;219;257;257;170;170;169;169;189;201;266;266;207;211;262;268;;15.24;51.3
U13;PUG_1;211;211;219;219;257;257;170;170;169;175;189;198;266;266;207;207;262;262;;15.24;51.3
U16;PUG_1;211;211;219;219;257;257;170;170;169;175;198;198;266;266;207;207;262;262;;15.24;51.3
UB1;PUG_2;211;211;219;219;257;257;174;176;169;169;189;192;269;272;207;207;262;262;;16.38;50.46
UB2;PUG_2;211;211;219;219;257;257;170;176;169;169;192;192;278;278;207;207;260;272;;16.38;50.46
UB3;PUG_2;211;211;219;219;257;257;170;170;169;175;189;198;266;266;207;207;262;280;;16.38;50.46
UB4;PUG_2;208;211;216;219;257;257;174;176;169;169;189;192;278;278;205;207;260;260;;16.38;50.46
UB5;PUG_2;211;211;219;219;257;260;170;174;169;169;189;192;266;278;207;207;260;262;;16.38;50.46
UB6;PUG_2;208;208;219;219;257;257;170;174;169;169;192;192;266;299;205;211;262;262;;16.38;50.46
UB7;PUG_2;208;211;219;219;257;260;170;176;169;169;192;198;266;278;205;207;262;280;;16.38;50.46
UB8;PUG_2;211;211;219;219;257;257;170;170;169;169;189;192;266;266;205;205;262;264;;16.38;50.46
UB9;PUG_2;211;211;219;219;257;257;170;170;169;169;192;192;266;272;207;207;262;280;;16.38;50.46
UB10;PUG_2;211;211;219;219;257;257;170;174;169;169;189;192;266;266;205;207;262;262;;16.38;50.46
UB11;PUG_2;184;211;219;219;257;257;170;170;169;169;189;189;266;266;207;207;262;262;;16.38;50.46
UB12;PUG_2;211;211;216;219;257;257;174;176;169;169;183;198;266;266;205;207;262;262;;16.38;50.46
UB13;PUG_2;208;211;219;219;260;260;170;176;169;169;192;192;266;266;207;207;262;262;;16.38;50.46
UB14;PUG_2;211;211;219;219;257;257;170;174;169;175;192;192;266;278;205;207;262;262;;16.38;50.46
UB15;PUG_2;211;211;219;219;257;257;170;170;169;175;189;192;266;266;207;209;262;268;;16.38;50.46
UB16;PUG_2;211;208;216;219;257;257;170;170;169;175;192;192;266;266;207;207;262;262;;16.38;50.46
UB17;PUG_2;208;211;219;219;257;260;170;176;169;169;189;192;266;266;205;207;262;272;;16.38;50.46
UB18;PUG_2;211;211;219;219;257;257;174;176;169;169;192;192;266;278;205;207;262;262;;16.38;50.46
UB19;PUG_2;211;211;219;219;257;257;174;174;169;175;192;192;266;278;205;207;262;262;;16.38;50.46
UB20;PUG_2;211;211;219;219;257;257;170;174;169;169;192;195;266;266;205;207;262;262;;16.38;50.46
UB21;PUG_2;211;211;219;219;257;257;170;174;169;175;189;192;266;269;205;207;262;280;;16.38;50.46
UB22;PUG_2;208;208;219;219;257;257;170;174;169;169;192;195;266;278;207;211;262;262;;16.38;50.46
UB23;PUG_2;208;211;219;219;257;257;170;176;169;169;192;195;266;266;211;211;262;262;;16.38;50.46
UB24;PUG_2;211;211;219;219;257;257;170;174;169;169;192;192;266;266;205;207;262;262;;16.38;50.46
UB25;PUG_2;208;211;219;219;257;257;170;174;169;169;189;189;266;266;207;207;262;280;;16.38;50.46
UB26;PUG_2;211;211;219;219;257;257;170;176;169;175;192;192;266;266;207;207;262;262;;16.38;50.46
UB27;PUG_2;208;211;219;219;257;257;170;174;169;169;192;192;269;269;207;207;262;280;;16.38;50.46
UB28;PUG_2;211;211;219;219;257;257;170;174;169;169;189;189;278;278;205;207;262;280;;16.38;50.46
UB29;PUG_2;211;211;219;219;257;257;170;170;169;169;189;192;269;275;207;207;262;280;;16.38;50.46
UB30;PUG_2;211;211;219;219;257;257;176;176;169;175;189;192;266;266;207;209;262;280;;16.38;50.46
UB31;PUG_2;211;211;219;219;257;257;176;176;169;175;192;192;266;278;207;207;260;280;;16.38;50.46
Z64;PUG_3;208;208;219;219;257;257;170;170;169;169;189;189;266;266;207;207;262;262;;16.41;50.35
Z65H;PUG_3;208;208;219;219;257;257;170;170;169;169;189;189;266;266;207;219;262;262;;16.41;50.35
Z66;PUG_3;205;208;219;219;257;257;170;170;169;169;189;189;266;266;207;207;262;262;;16.41;50.35
Z67;PUG_3;208;208;219;219;257;257;170;178;169;175;189;189;266;266;211;211;262;262;;16.41;50.35
Z68;PUG_3;208;208;219;219;257;257;170;176;169;169;189;189;266;266;207;207;262;262;;16.41;50.35
Z69;PUG_3;208;208;219;219;257;257;170;178;169;175;189;189;266;266;207;219;262;282;;16.41;50.35
Z70;PUG_3;208;208;219;219;257;257;170;178;169;175;189;189;266;266;207;219;262;262;;16.41;50.35
Z71;PUG_3;211;211;219;219;257;257;170;178;169;169;189;195;266;266;207;221;262;262;;16.41;50.35
Z72;PUG_3;208;211;219;219;257;257;170;178;169;175;189;189;266;266;211;219;262;262;;16.41;50.35
Z73;PUG_3;208;211;219;219;257;257;170;178;169;169;189;189;266;266;211;211;262;262;;16.41;50.35
Z74;PUG_3;208;211;219;219;257;257;170;178;169;169;189;189;266;266;211;211;262;262;;16.41;50.35
Z75;PUG_3;211;211;219;219;257;257;170;178;169;169;189;201;266;266;207;211;262;268;;16.41;50.35
Z76;PUG_3;211;211;219;219;257;257;170;178;169;175;189;198;266;266;207;207;262;262;;16.41;50.35
Z77;PUG_3;211;211;219;219;257;257;170;178;169;175;198;198;266;266;207;207;262;262;;16.41;50.35
Z78;PUG_3;211;211;219;219;257;257;170;176;169;175;198;198;266;266;205;205;262;268;;16.41;50.35
Z79;PUG_3;211;211;216;219;257;257;174;174;175;175;189;198;266;269;205;207;260;262;;16.41;50.35
Z80;PUG_3;211;211;219;219;257;257;170;174;169;175;189;189;266;266;207;211;262;262;;16.41;50.35
Z81;PUG_3;205;211;219;219;257;260;170;176;169;175;192;195;266;266;207;207;268;268;;16.41;50.35
Z82;PUG_3;211;211;219;219;257;257;170;170;169;175;192;198;266;266;207;207;268;268;;16.41;50.35
UW32;PUG_4;208;208;219;219;257;257;170;170;169;169;189;189;266;266;207;207;262;262;;23.92;48.68
UW33;PUG_4;208;208;219;219;257;257;170;170;169;169;189;189;266;266;207;219;262;262;;23.92;48.68
UW34;PUG_4;205;208;219;219;257;257;170;170;169;169;189;189;266;266;207;207;262;262;;23.92;48.68
UW35;PUG_4;208;208;219;219;257;257;170;178;169;175;189;189;266;266;211;211;262;262;;23.92;48.68
UW36;PUG_4;208;208;219;219;257;257;170;176;169;169;189;189;266;266;207;207;262;262;;23.92;48.68
UW37;PUG_4;208;208;219;219;257;257;170;178;169;175;189;189;266;266;207;219;262;282;;23.92;48.68
UW38;PUG_4;208;208;219;219;257;257;170;178;169;175;189;189;266;266;207;219;262;262;;23.92;48.68
UW40;PUG_4;211;211;219;219;257;257;170;178;169;169;189;195;266;266;207;221;262;262;;23.92;48.68
UW41;PUG_4;208;211;219;219;257;257;170;178;169;175;189;189;266;266;211;219;262;262;;23.92;48.68
UW42;PUG_4;208;211;219;219;257;257;170;178;169;169;189;189;266;266;211;211;262;262;;23.92;48.68
UW44;PUG_4;208;211;219;219;257;257;170;178;169;169;189;189;266;266;211;211;262;262;;23.92;48.68
UW45;PUG_4;211;211;219;219;257;257;170;178;169;169;189;201;266;266;207;211;262;268;;23.92;48.68
WU46;PUG_4;211;211;219;219;257;257;170;178;169;175;189;198;266;266;207;207;262;262;;23.92;48.68
UW47;PUG_4;211;211;219;219;257;257;170;178;169;175;198;198;266;266;207;207;262;262;;23.92;48.68
WU48;PUG_4;208;211;219;219;257;257;170;170;169;169;192;192;266;278;205;207;262;280;;23.92;48.68
UW49;PUG_4;208;211;219;219;257;257;170;170;169;175;192;192;266;266;207;207;262;272;;23.92;48.68
UW50;PUG_4;211;211;219;219;257;257;176;178;169;169;192;192;266;278;205;207;272;282;;23.92;48.68
w51;PUG_4;211;211;219;219;257;257;176;176;169;175;192;195;266;266;207;219;272;280;;23.92;48.68
w52;PUG_4;211;211;216;219;257;257;170;178;169;175;192;192;266;266;205;207;262;262;;23.92;48.68
w53;PUG_4;211;211;219;219;257;257;170;170;169;169;192;192;266;266;207;207;262;280;;23.92;48.68
w54;PUG_4;211;211;219;219;257;257;170;170;169;169;192;198;266;299;205;205;280;280;;23.92;48.68
w55;PUG_4;211;211;219;219;257;257;170;170;169;175;192;192;266;278;207;207;260;280;;23.92;48.68
w56;PUG_4;211;211;219;219;257;257;170;176;175;175;192;198;278;278;205;211;262;280;;23.92;48.68
w57;PUG_4;211;211;219;219;257;257;170;170;169;175;192;192;266;278;205;207;260;262;;23.92;48.68
w58;PUG_4;211;211;219;219;257;257;170;170;169;175;192;192;266;272;205;207;272;280;;23.92;48.68
w59;PUG_4;211;211;219;219;257;257;176;176;175;175;189;201;266;269;205;207;268;272;;23.92;48.68
w60;PUG_4;211;211;219;219;257;257;170;176;169;175;195;198;266;299;207;207;262;272;;23.92;48.68
w61;PUG_4;211;211;219;219;257;257;170;176;169;175;192;192;266;266;207;211;262;262;;23.92;48.68
w62;PUG_4;211;211;219;219;257;257;176;176;169;175;189;192;266;278;205;207;280;280;;23.92;48.68
w63;PUG_4;211;211;219;219;257;257;170;176;169;169;189;198;266;266;205;207;262;262;;23.92;48.68
M3/1;PM_1;211;211;219;219;257;257;170;176;169;175;189;189;266;266;205;205;264;268;;24.8;47.57
M3/2;PM_1;211;211;216;219;257;257;170;170;169;169;189;189;266;266;237;211;270;270;;24.8;47.57
M3/3;PM_1;211;211;219;219;257;257;170;170;169;169;189;192;266;266;205;237;280;280;;24.8;47.57
M3/4;PM_1;211;211;216;219;257;257;170;178;169;169;189;189;266;266;237;237;268;280;;24.8;47.57
M3/5;PM_1;208;211;216;219;257;257;170;174;169;169;189;189;266;272;237;215;262;262;;24.8;47.57
M3/6;PM_1;211;211;219;219;257;257;170;170;169;169;189;189;266;266;205;237;262;262;;24.8;47.57
M3/7;PM_1;211;211;219;219;257;257;170;174;169;169;189;192;266;266;205;215;264;268;;24.8;47.57
M3/8;PM_1;208;211;219;219;257;257;174;178;169;175;189;189;266;269;205;209;268;268;;24.8;47.57
M3/9;PM_1;208;208;219;219;257;257;170;176;169;175;189;198;266;266;205;215;268;268;;24.8;47.57
M3/10;PM_1;211;211;216;219;257;257;170;170;169;169;189;189;266;266;237;211;268;280;;24.8;47.57
M3/11;PM_1;211;211;216;219;257;257;170;170;169;169;189;192;266;266;211;211;270;270;;24.8;47.57
M3/12;PM_1;211;211;219;219;257;257;170;178;169;175;189;198;266;269;205;237;268;280;;24.8;47.57
M3/13;PM_1;208;208;216;216;251;251;176;176;169;169;189;192;266;275;205;221;264;268;;24.8;47.57
M3/14;PM_1;211;211;219;219;257;257;170;170;169;169;189;189;266;266;237;237;262;262;;24.8;47.57
M3/15;PM_1;211;211;219;219;257;257;176;176;169;169;189;189;266;266;211;215;268;268;;24.8;47.57
M3/16;PM_1;211;211;216;219;257;257;170;170;169;169;192;195;266;266;237;211;264;270;;24.8;47.57
M3/17;PM_1;211;211;219;219;257;257;170;170;169;169;189;192;269;269;205;205;268;272;;24.8;47.57
M3/18;PM_1;211;211;216;219;257;257;170;174;169;169;192;195;266;266;237;211;262;262;;24.8;47.57
M3/19;PM_1;211;211;216;216;257;257;170;178;169;175;189;192;266;266;237;211;262;262;;24.8;47.57
M3/20;PM_1;208;211;216;219;257;257;174;178;169;169;189;192;266;266;209;211;262;270;;24.8;47.57
M3/21;PM_1;211;211;216;219;257;257;170;170;169;169;189;189;266;266;205;237;262;270;;24.8;47.57
M3/22;PM_1;211;211;219;219;257;257;170;170;169;169;189;192;266;266;205;211;262;262;;24.8;47.57
M3/23;PM_1;211;211;216;219;257;257;170;174;169;169;195;201;266;275;237;237;280;280;;24.8;47.57
M3/24;PM_1;211;211;219;219;257;257;170;174;169;175;189;192;266;269;211;211;262;262;;24.8;47.57
M3/25;PM_1;211;211;219;219;257;257;170;170;169;169;189;192;266;266;205;211;262;270;;24.8;47.57
M4/1;PM_2;208;211;216;219;257;257;170;170;169;169;189;195;266;266;237;237;262;272;;18.22;43.75
M4/2;PM_2;208;211;216;219;257;257;170;170;169;169;192;204;266;266;205;237;262;270;;18.22;43.75
M4/3;PM_2;199;211;219;219;257;257;170;170;169;175;192;198;266;269;237;237;262;268;;18.22;43.75
M4/4;PM_2;208;211;216;216;257;257;170;174;169;169;195;195;266;266;205;211;262;280;;18.22;43.75
M4/5;PM_2;208;211;219;219;257;260;170;170;169;175;189;195;266;266;205;237;262;262;;18.22;43.75
M4/6;PM_2;211;211;219;219;257;257;170;170;169;169;189;198;266;266;205;237;262;262;;18.22;43.75
M4/7;PM_2;211;211;216;219;257;257;170;170;169;175;189;195;266;266;237;237;262;262;;18.22;43.75
M4/8;PM_2;211;211;219;219;257;257;170;174;169;175;198;204;266;266;205;237;262;262;;18.22;43.75
M4/9;PM_2;211;211;216;219;257;260;170;178;169;175;189;198;266;266;237;237;262;262;;18.22;43.75
M4/10;PM_2;211;211;219;219;257;257;170;170;169;175;189;192;266;272;205;205;264;272;;18.22;43.75
M4/11;PM_2;211;211;216;219;257;257;170;170;169;175;192;192;266;266;237;211;262;268;;18.22;43.75
M4/12;PM_2;202;208;219;219;254;254;170;174;169;169;189;198;266;272;205;205;262;282;;18.22;43.75
M4/13;PM_2;199;211;219;219;254;254;170;170;169;175;189;192;266;275;205;209;262;282;;18.22;43.75
M4/14;PM_2;211;211;219;219;254;254;170;170;169;169;189;189;266;266;205;215;262;262;;18.22;43.75
M4/15;PM_2;211;211;219;219;257;257;170;170;169;169;192;198;266;266;211;211;268;280;;18.22;43.75
M4/16;PM_2;211;211;216;219;254;254;170;178;169;169;192;195;266;266;237;237;262;268;;18.22;43.75
M4/17;PM_2;211;211;216;219;257;257;170;174;169;175;189;192;266;266;205;237;264;268;;18.22;43.75
M4/18;PM_2;211;211;219;219;257;257;170;170;169;169;189;189;266;266;205;237;262;282;;18.22;43.75
M4/19;PM_2;211;211;219;219;257;257;170;176;169;169;189;192;266;272;205;211;262;262;;18.22;43.75
M4/20;PM_2;211;211;216;219;257;257;170;170;169;169;192;192;266;266;205;211;264;270;;18.22;43.75
M4/21;PM_2;211;211;219;219;257;257;170;176;169;169;189;189;266;266;237;237;270;270;;18.22;43.75
M4/22;PM_2;208;211;219;219;257;257;170;178;169;169;189;192;266;266;205;237;264;270;;18.22;43.75
M4/23;PM_2;199;208;213;216;248;251;170;170;169;175;189;189;266;266;205;205;262;262;;18.22;43.75
M4/24;PM_2;199;208;216;216;248;251;170;170;169;175;189;192;266;266;205;209;264;264;;18.22;43.75
M4/25;PM_2;211;211;219;219;257;257;170;174;169;169;189;189;266;278;237;237;262;280;;18.22;43.75
HX1;PUN_1;NA;NA;219;219;257;257;170;176;169;175;189;189;266;266;235;221;262;262;;0.7;40.48
HX2;PUN_1;211;211;219;219;251;257;174;176;169;169;189;189;266;266;235;235;264;264;;0.7;40.48
HX3;PUN_1;211;208;219;219;257;257;174;174;169;175;189;204;266;266;235;221;268;268;;0.7;40.48
HX4;PUN_1;211;211;219;219;257;257;170;174;169;169;189;192;266;266;235;235;262;262;;0.7;40.48
HX5;PUN_1;211;211;219;219;257;257;170;170;169;169;189;189;266;266;235;211;264;268;;0.7;40.48
HX6;PUN_1;211;211;219;219;257;257;170;176;175;175;189;201;266;272;235;219;262;262;;0.7;40.48
HX7;PUN_1;211;211;219;219;251;257;176;176;169;175;189;189;266;266;235;219;264;264;;0.7;40.48
HX8;PUN_1;211;214;219;219;257;257;170;176;169;169;189;198;266;266;235;235;264;280;;0.7;40.48
HX9;PUN_1;211;214;219;219;257;257;170;176;169;169;189;189;266;266;235;235;264;280;;0.7;40.48
HX10;PUN_1;211;211;219;219;257;257;170;176;169;169;189;195;266;266;205;207;270;270;;0.7;40.48
HX11;PUN_1;211;211;219;219;257;257;174;176;169;175;189;189;266;266;235;235;262;264;;0.7;40.48
HX12;PUN_1;211;211;219;219;257;257;170;174;169;175;189;201;266;272;235;221;262;262;;0.7;40.48
HX13;PUN_1;211;211;219;219;257;257;174;176;169;175;189;204;266;266;235;235;264;264;;0.7;40.48
HX14;PUN_1;211;211;219;219;257;257;170;174;169;175;192;198;203;266;235;235;262;262;;0.7;40.48
HX15;PUN_1;211;211;219;219;257;257;174;178;169;175;189;198;266;272;235;205;262;280;;0.7;40.48
HX16;PUN_1;208;211;219;219;251;257;174;174;175;175;189;195;266;266;235;219;282;282;;0.7;40.48
HX17;PUN_1;211;214;219;219;257;257;174;176;169;169;189;189;266;266;235;219;268;268;;0.7;40.48
HX18;PUN_1;211;211;219;219;257;260;170;178;NA;NA;NA;NA;266;266;235;205;264;282;;0.7;40.48
HX19;PUN_1;211;211;216;219;257;257;170;174;175;175;189;198;266;266;235;219;262;280;;0.7;40.48
HX20;PUN_1;211;211;219;219;257;257;174;174;169;175;189;204;266;266;235;235;262;262;;0.7;40.48
HX21;PUN_1;208;211;219;219;251;257;174;178;169;175;189;195;266;266;235;235;262;262;;0.7;40.48
HX22;PUN_1;211;211;219;219;257;257;176;178;169;169;189;195;266;266;235;235;262;262;;0.7;40.48
HX23;PUN_1;211;211;219;219;257;257;170;178;169;169;189;189;266;266;235;235;264;280;;0.7;40.48
HX24;PUN_1;208;211;219;219;257;257;170;174;175;175;189;189;266;266;235;221;262;262;;0.7;40.48
HII1;PUN_2;208;211;219;219;257;257;170;176;169;175;189;189;266;266;235;205;262;262;;2.85;45.6
HII2;PUN_2;211;211;219;219;251;257;174;176;169;169;189;189;266;266;235;207;264;264;;2.85;45.6
HII3;PUN_2;211;208;219;219;257;257;174;174;169;175;189;204;266;266;235;221;268;268;;2.85;45.6
HII4;PUN_2;211;211;219;219;257;257;170;174;169;169;189;192;266;266;235;235;262;262;;2.85;45.6
HII5;PUN_2;211;211;219;219;257;257;170;170;169;169;189;189;266;266;235;211;264;268;;2.85;45.6
HII6;PUN_2;211;211;219;219;257;257;170;176;175;175;189;201;266;272;235;219;262;262;;2.85;45.6
HII7;PUN_2;211;211;219;219;251;257;176;176;169;175;189;189;266;266;235;207;264;264;;2.85;45.6
HII8;PUN_2;211;214;219;219;257;257;170;176;169;169;189;198;266;266;235;235;264;280;;2.85;45.6
HII9;PUN_2;211;214;219;219;257;257;170;176;169;169;189;189;266;266;235;235;264;280;;2.85;45.6
HII10;PUN_2;211;211;219;219;257;257;170;176;169;169;189;195;266;266;205;219;270;270;;2.85;45.6
HII11;PUN_2;211;211;219;219;257;257;174;176;169;175;189;189;266;266;235;219;262;264;;2.85;45.6
HII12H;PUN_2;211;211;219;219;257;257;176;176;169;175;192;198;266;266;235;235;262;262;;2.85;45.6
HII13;PUN_2;211;211;219;219;257;257;170;176;169;175;189;201;266;272;235;235;262;262;;2.85;45.6
HII14;PUN_2;208;211;219;219;257;257;170;170;169;175;189;195;272;278;235;211;262;262;;2.85;45.6
HII15;PUN_2;211;211;216;219;257;257;176;176;169;175;198;201;266;272;235;235;268;268;;2.85;45.6
HII17;PUN_2;211;211;219;219;257;257;176;176;169;175;189;189;266;266;235;235;262;268;;2.85;45.6
HII18;PUN_2;NA;NA;219;219;257;257;176;176;169;175;192;201;266;272;235;211;262;262;;2.85;45.6
HII19;PUN_2;211;211;219;219;257;257;174;176;169;175;192;201;266;272;235;211;262;268;;2.85;45.6
HII20;PUN_2;208;211;219;219;257;257;170;174;175;175;189;198;266;278;235;211;262;268;;2.85;45.6
HII21;PUN_2;211;211;219;219;257;257;170;176;175;175;189;198;266;266;235;235;262;262;;2.85;45.6
HII22;PUN_2;211;211;219;219;257;257;176;178;169;175;198;201;266;266;235;235;262;262;;2.85;45.6
HII23;PUN_2;211;211;219;219;257;257;174;174;169;175;195;195;269;269;235;235;262;262;;2.85;45.6
HII24;PUN_2;208;211;219;219;257;257;170;176;169;175;195;195;209;272;235;235;262;262;;2.85;45.6
HII25;PUN_2;211;211;219;219;257;257;176;176;169;169;192;201;266;272;235;207;262;280;;2.85;45.6
S1136;PS_1;211;211;219;219;257;257;176;178;175;175;198;201;266;278;209;221;244;262;;19.99;44.1
S1137;PS_1;208;211;219;219;257;257;168;174;175;175;195;201;266;278;205;209;246;262;;19.99;44.1
S1138;PS_1;211;211;219;219;254;257;176;176;175;175;195;198;266;278;203;221;262;262;;19.99;44.1
S1139;PS_1;211;211;219;219;257;257;168;172;175;175;189;198;266;266;221;225;262;262;;19.99;44.1
S1140;PS_1;211;211;219;219;251;257;176;178;175;175;195;198;266;278;221;223;268;268;;19.99;44.1
S1141;PS_1;208;211;219;219;257;257;176;178;175;175;198;198;266;278;221;223;262;268;;19.99;44.1
S1142;PS_1;211;211;219;219;257;257;170;176;175;175;198;201;266;287;223;223;262;268;;19.99;44.1
S1143;PS_1;211;211;219;219;257;257;176;178;175;175;198;198;266;278;209;221;262;264;;19.99;44.1
S1144;PS_1;211;211;219;219;257;257;176;176;175;175;195;198;266;278;231;233;262;262;;19.99;44.1
S1145;PS_1;211;211;219;219;NA;NA;176;176;175;175;198;198;266;266;219;223;NA;NA;;19.99;44.1
S1146;PS_1;211;211;219;219;257;257;170;176;175;175;195;198;266;278;219;223;268;268;;19.99;44.1
S1147;PS_1;208;211;219;219;257;257;170;176;175;175;198;204;266;278;219;221;262;268;;19.99;44.1
S1148;PS_1;211;211;219;219;257;257;170;170;175;175;198;198;266;266;219;221;262;262;;19.99;44.1
S1149;PS_1;211;211;219;219;257;257;170;176;175;175;195;198;266;278;219;221;254;268;;19.99;44.1
S1150;PS_1;211;211;219;219;257;257;176;176;175;175;195;198;266;278;221;233;260;262;;19.99;44.1
S1151;PS_1;211;211;219;219;257;257;170;170;169;175;195;198;266;278;221;233;262;268;;19.99;44.1
S1152;PS_1;208;211;219;219;257;257;170;170;175;175;198;198;266;278;229;233;260;268;;19.99;44.1
S1153;PS_1;208;211;219;219;254;257;170;178;175;175;189;192;269;278;219;221;268;268;;19.99;44.1
S1154;PS_1;208;208;219;219;257;257;170;178;175;175;195;198;266;278;219;221;262;268;;19.99;44.1
S1155;PS_1;208;211;219;219;254;257;170;176;175;175;198;201;266;266;221;221;260;268;;19.99;44.1
S1156;PS_1;211;211;219;219;257;257;176;176;169;175;189;201;266;266;209;223;262;262;;19.99;44.1
S1157;PS_1;208;211;219;219;257;257;170;174;175;175;198;198;266;266;209;221;268;268;;19.99;44.1
S1158;PS_1;211;211;219;219;257;257;170;176;154;175;198;198;266;266;207;221;260;262;;19.99;44.1
S1159;PS_1;211;211;219;219;257;260;170;178;175;175;195;204;266;266;219;219;262;266;;19.99;44.1
S1160;PS_1;211;211;219;219;257;257;174;178;157;175;192;198;266;266;209;221;262;268;;19.99;44.1
S1161;PS_1;211;211;219;219;257;257;174;176;157;175;198;198;266;266;209;217;262;262;;19.99;44.1
F1;PS_2;208;211;219;219;254;257;176;176;175;175;198;198;266;278;219;221;262;268;;25.75;64.69
F2;PS_2;211;211;219;219;257;257;176;176;175;175;198;198;266;266;221;227;262;262;;25.75;64.69
F3;PS_2;211;211;219;219;257;257;176;178;172;172;198;198;266;278;219;221;262;266;;25.75;64.69
F4;PS_2;208;211;219;219;257;257;170;178;175;175;201;204;266;266;219;219;262;266;;25.75;64.69
F5;PS_2;211;211;219;219;254;257;176;176;175;175;198;198;266;266;221;223;262;266;;25.75;64.69
F6;PS_2;208;214;219;219;257;257;176;178;172;175;198;198;266;278;219;219;262;266;;25.75;64.69
F7;PS_2;211;211;219;219;257;257;170;174;175;175;198;198;266;266;219;227;262;262;;25.75;64.69
F8;PS_2;205;211;219;219;257;263;174;176;175;175;198;198;278;278;219;221;262;268;;25.75;64.69
F9;PS_2;NA;NA;219;219;257;257;174;176;169;175;198;201;209;NA;NA;219;262;268;;25.75;64.69
F10;PS_2;211;211;219;219;257;257;176;178;175;175;195;198;266;266;219;221;262;264;;25.75;64.69
F11;PS_2;211;211;219;219;257;257;170;170;175;175;189;195;266;266;219;221;262;262;;25.75;64.69
F12;PS_2;211;211;219;219;254;257;176;178;175;178;198;207;266;278;203;219;262;268;;25.75;64.69
F13;PS_2;211;211;219;219;257;257;170;178;175;175;189;198;278;278;221;231;262;268;;25.75;64.69
F14;PS_2;208;211;216;219;257;257;176;178;151;175;198;198;266;278;209;219;264;264;;25.75;64.69
F15;PS_2;211;211;219;219;257;257;170;178;175;175;198;198;266;266;207;221;262;262;;25.75;64.69
F16;PS_2;211;211;219;219;257;257;170;176;175;175;195;198;266;278;205;221;260;262;;25.75;64.69
F17;PS_2;211;211;219;219;257;257;170;176;175;175;198;198;266;266;221;221;262;268;;25.75;64.69
F18;PS_2;211;211;219;219;251;257;170;176;175;175;198;201;266;278;219;219;260;262;;25.75;64.69
F19;PS_2;211;211;219;219;257;257;170;170;175;175;198;198;266;266;219;221;260;262;;25.75;64.69
F20;PS_2;211;211;219;219;254;257;170;178;175;175;189;198;266;266;205;219;260;268;;25.75;64.69
F21;PS_2;211;211;219;219;257;257;170;176;175;175;198;198;266;272;205;219;260;262;;25.75;64.69
F22;PS_2;208;211;219;219;254;257;170;174;175;175;198;201;266;266;219;221;260;268;;25.75;64.69
F23;PS_2;211;211;219;219;257;260;170;174;175;175;195;198;272;278;203;221;262;268;;25.75;64.69
F24;PS_2;211;211;219;219;254;257;170;178;175;175;189;195;266;266;219;219;260;262;;25.75;64.69
F25;PS_2;211;211;219;219;257;257;170;176;175;175;198;198;266;278;205;219;262;268;;25.75;64.69
A1;PS_3;211;211;219;219;251;257;176;178;175;175;198;198;266;266;205;205;268;280;;1.57;42.52
A2;PS_3;208;208;219;219;257;257;176;176;175;175;195;201;266;266;207;207;268;280;;1.57;42.52
A3;PS_3;208;208;219;219;257;257;176;178;175;175;198;198;266;266;205;219;268;268;;1.57;42.52
A4;PS_3;208;208;219;219;251;257;176;176;175;175;198;201;266;278;205;221;262;268;;1.57;42.52
A5;PS_3;211;211;219;219;257;257;174;176;175;178;198;198;266;266;205;209;262;272;;1.57;42.52
A6;PS_3;208;208;219;219;257;257;170;176;175;178;198;201;266;266;205;221;280;280;;1.57;42.52
A7;PS_3;208;208;219;219;257;257;170;178;175;175;198;198;266;266;205;209;262;262;;1.57;42.52
A8;PS_3;208;208;219;219;257;257;176;176;175;175;195;198;278;278;209;221;262;262;;1.57;42.52
A9;PS_3;208;208;219;219;257;257;170;174;169;175;195;198;266;266;205;221;262;270;;1.57;42.52
A10;PS_3;208;208;219;219;254;257;174;176;169;175;195;198;266;278;207;219;264;268;;1.57;42.52
A11;PS_3;208;208;219;219;257;257;176;178;175;178;195;198;266;266;205;209;262;262;;1.57;42.52
A12;PS_3;208;211;219;219;257;257;178;220;175;175;192;198;266;278;209;221;262;262;;1.57;42.52
A13;PS_3;208;211;219;219;257;257;170;178;175;175;198;201;266;266;207;221;262;264;;1.57;42.52
A14;PS_3;208;208;219;219;257;257;176;176;175;175;198;198;266;266;205;221;262;270;;1.57;42.52
A15;PS_3;211;211;219;219;257;257;176;176;175;175;198;201;266;266;205;205;262;268;;1.57;42.52
A16;PS_3;208;211;219;219;257;257;174;178;175;175;198;201;266;272;205;205;262;262;;1.57;42.52
A17;PS_3;208;211;219;219;257;257;176;176;175;175;195;198;266;266;205;207;260;280;;1.57;42.52
A18;PS_3;211;211;219;219;257;257;176;178;175;175;198;198;266;266;207;219;262;262;;1.57;42.52
A19;PS_3;211;211;219;219;257;257;174;176;175;175;195;201;266;266;205;207;262;280;;1.57;42.52
A20;PS_3;208;211;219;219;257;257;176;176;175;175;189;198;266;266;205;221;266;266;;1.57;42.52
A21;PS_3;208;211;219;219;251;257;170;176;175;175;198;201;266;266;207;221;264;268;;1.57;42.52
A22;PS_3;208;211;219;219;257;257;176;176;175;175;198;201;266;266;205;205;262;262;;1.57;42.52
A23;PS_3;211;211;219;219;257;257;176;176;175;175;195;198;266;299;207;223;262;262;;1.57;42.52
A24;PS_3;211;211;219;219;257;257;170;178;175;175;198;201;272;272;207;217;262;262;;1.57;42.52
A25;PS_3;211;211;219;219;251;257;170;170;175;175;198;198;278;278;205;209;262;280;;1.57;42.52
A26;PS_3;211;211;219;219;257;257;176;178;175;175;198;198;266;266;207;219;262;262;;1.57;42.52
A27;PS_3;211;211;219;219;257;257;170;178;175;175;195;198;266;272;205;209;260;264;;1.57;42.52
A28;PS_3;211;211;219;219;257;257;176;176;175;175;198;198;266;266;221;233;262;264;;1.57;42.52
A29;PS_3;211;211;219;219;257;257;176;176;175;175;198;198;272;272;205;221;260;268;;1.57;42.52
A30;PS_3;211;211;219;219;257;257;170;178;175;175;192;198;266;278;205;221;262;262;;1.57;42.52
A31;PS_3;211;211;219;219;257;257;176;176;175;175;198;198;266;266;205;219;268;280;;1.57;42.52
A32;PS_3;211;211;219;219;257;257;176;178;175;175;198;201;266;275;207;221;262;262;;1.57;42.52
P93;PS_4;208;211;219;219;257;257;170;176;175;175;189;198;266;266;219;227;260;260;;20.36;49.42
P94;PS_4;211;211;219;219;257;257;176;176;175;175;195;198;266;278;205;221;260;268;;20.36;49.42
P95;PS_4;208;208;219;219;257;257;174;176;175;178;198;198;266;278;209;219;260;262;;20.36;49.42
P96;PS_4;211;211;219;219;257;257;174;176;175;175;198;198;278;299;221;227;262;262;;20.36;49.42
P97;PS_4;211;211;219;219;254;257;176;176;175;175;189;189;269;278;207;219;280;280;;20.36;49.42
P98;PS_4;208;208;219;219;254;257;170;176;175;175;198;198;266;266;219;221;262;262;;20.36;49.42
P99;PS_4;211;211;219;219;257;257;170;178;175;175;180;201;266;266;219;219;262;268;;20.36;49.42
P100;PS_4;211;211;219;219;257;257;170;176;175;175;198;198;278;299;219;221;260;260;;20.36;49.42
P101;PS_4;211;211;219;219;254;257;170;172;175;175;198;198;266;266;209;221;262;262;;20.36;49.42
P102;PS_4;211;211;219;219;257;257;176;176;175;175;189;198;278;278;219;229;262;280;;20.36;49.42
P103;PS_4;211;211;219;219;257;257;170;176;175;175;198;198;266;278;217;221;262;262;;20.36;49.42
P104;PS_4;211;211;219;219;257;257;176;178;175;175;189;195;266;278;209;221;260;268;;20.36;49.42
P105;PS_4;211;211;219;219;257;260;170;174;169;175;195;198;266;266;217;221;260;262;;20.36;49.42
P106;PS_4;208;211;219;219;257;257;176;178;175;175;198;201;266;272;219;227;260;268;;20.36;49.42
P107;PS_4;211;211;219;219;254;257;170;178;175;175;198;198;266;266;219;227;268;268;;20.36;49.42
P108;PS_4;211;211;219;219;254;257;176;176;175;175;198;201;266;266;205;219;268;268;;20.36;49.42
P109;PS_4;208;211;219;219;251;251;170;176;175;175;195;201;266;266;205;219;262;262;;20.36;49.42
P110;PS_4;208;211;219;219;257;260;170;176;175;175;195;198;209;266;205;219;280;280;;20.36;49.42
P111;PS_4;208;211;219;219;251;257;170;178;169;175;198;204;266;299;219;221;260;264;;20.36;49.42
P112;PS_4;211;211;219;219;257;257;176;176;175;175;195;198;278;278;209;221;260;262;;20.36;49.42
P113;PS_4;208;211;219;219;257;257;176;176;175;175;198;201;266;287;221;221;260;260;;20.36;49.42
P114;PS_4;211;211;219;219;257;257;176;176;175;175;195;198;269;278;219;219;260;262;;20.36;49.42
P115;PS_4;211;211;219;219;257;257;170;170;175;175;198;201;266;299;225;231;260;262;;20.36;49.42
P116;PS_4;208;211;219;219;254;257;170;176;175;175;198;198;209;266;219;221;262;268;;20.36;49.42
P117;PS_4;211;211;219;219;257;257;NA;NA;175;175;195;198;269;278;219;219;260;262;;20.36;49.42
